BlkNumber;BlkRoute;BlkVehType;TrpNumber;TrpType;TrpRoute;TrpVia;TrpDirection;TrpStartPlace;TrpEndPlace;TrpStartTime;TrpEndTime;TrpDistance;TrpDuration;TrpEndLay;TrpExtraLay
01-janv;T3;;4683;REG;T3;1;DIR1;CASPOR;HANT_a;05:30:00;06:14:54;13.470;00:44:54;00:00:00;00:00:00
02-janv;T3;;4712;REG;T3;1;DIR1;CASPOR;CIDJ_a;05:45:00;06:16:20;9.007;00:31:20;00:00:00;00:00:00
03-janv;T3;;6059;REG;T3;1;DIR1;CASPOR;HANT_a;06:00:00;06:44:54;13.470;00:44:54;00:00:00;00:00:00
04-janv;T3;;6107;REG;T3;1;DIR1;CASPOR;CIDJ_a;06:15:00;06:46:20;9.007;00:31:20;00:00:00;00:00:00
05-janv;T3;;6060;REG;T3;1;DIR1;CASPOR;HANT_a;06:30:00;07:14:54;13.470;00:44:54;00:00:00;00:00:00
06-janv;T3;;6108;REG;T3;1;DIR1;CASPOR;CIDJ_a;06:42:00;07:13:20;9.007;00:31:20;00:00:00;00:00:00
07-janv;T3;;6061;REG;T3;1;DIR1;CASPOR;HANT_a;06:54:00;07:38:54;13.470;00:44:54;00:00:00;00:00:00
07-janv;T3;;6225;REG;T3;2;DIR2;CIDJ_d;CASPOR;15:53:31;16:24:54;9.007;00:31:23;00:00:00;00:00:00
08-janv;T3;;6226;REG;T3;2;DIR2;CIDJ_d;CASPOR;16:09:31;16:40:54;9.007;00:31:23;00:00:00;00:00:00
09-févr;T3;;6229;REG;T3;2;DIR2;CIDJ_d;CASPOR;16:57:31;17:28:54;9.007;00:31:23;00:00:00;00:00:00
10-févr;T3;;6230;REG;T3;2;DIR2;CIDJ_d;CASPOR;17:13:31;17:44:54;9.007;00:31:23;00:00:00;00:00:00
01-févr;T3;;6233;REG;T3;2;DIR2;CIDJ_d;CASPOR;18:01:31;18:32:54;9.007;00:31:23;00:00:00;00:00:00
11-janv;T3;;6234;REG;T3;2;DIR2;CIDJ_d;CASPOR;18:17:31;18:48:54;9.007;00:31:23;00:00:00;00:00:00
07-janv;T3;;6237;REG;T3;2;DIR2;CIDJ_d;CASPOR;19:05:31;19:36:54;9.007;00:31:23;00:00:00;00:00:00
04-janv;T3;;6238;REG;T3;2;DIR2;CIDJ_d;CASPOR;19:25:31;19:56:54;9.007;00:31:23;00:00:00;00:00:00
04-janv;T3;;7333;REG;T3;2;DIR2;HANT_d;CASPOR;21:00:00;21:44:54;13.470;00:44:54;00:00:00;00:00:00
09-févr;T3;;7340;REG;T3;2;DIR2;CIDJ_d;CASPOR;21:49:31;22:20:54;9.007;00:31:23;00:00:00;00:00:00
07-janv;T3;;7332;REG;T3;2;DIR2;HANT_d;CASPOR;20:36:00;21:20:54;13.470;00:44:54;00:00:00;00:00:00
11-janv;T3;;7339;REG;T3;2;DIR2;CIDJ_d;CASPOR;21:25:31;21:56:54;9.007;00:31:23;00:00:00;00:00:00
06-janv;T3;;6116;REG;T3;1;DIR1;CASPOR;CIDJ_a;09:54:00;10:25:20;9.007;00:31:20;00:00:00;00:00:00
07-janv;T3;;6070;REG;T3;1;DIR1;CASPOR;HANT_a;10:06:00;10:50:54;13.470;00:44:54;00:00:00;00:00:00
12-janv;T3;;6117;REG;T3;1;DIR1;CASPOR;CIDJ_a;10:18:00;10:49:20;9.007;00:31:20;00:00:00;00:00:00
08-janv;T3;;6071;REG;T3;1;DIR1;CASPOR;HANT_a;10:30:00;11:14:54;13.470;00:44:54;00:00:00;00:00:00
04-janv;T3;;6118;REG;T3;1;DIR1;CASPOR;CIDJ_a;10:42:00;11:13:20;9.007;00:31:20;00:00:00;00:00:00
03-janv;T3;;6072;REG;T3;1;DIR1;CASPOR;HANT_a;10:54:00;11:38:54;13.470;00:44:54;00:00:00;00:00:00
11-janv;T3;;6119;REG;T3;1;DIR1;CASPOR;CIDJ_a;11:06:00;11:37:20;9.007;00:31:20;00:00:00;00:00:00
06-janv;T3;;6073;REG;T3;1;DIR1;CASPOR;HANT_a;11:18:00;12:02:54;13.470;00:44:54;00:00:00;00:00:00
02-janv;T3;;6120;REG;T3;1;DIR1;CASPOR;CIDJ_a;11:30:00;12:01:20;9.007;00:31:20;00:00:00;00:00:00
12-janv;T3;;6074;REG;T3;1;DIR1;CASPOR;HANT_a;11:42:00;12:26:54;13.470;00:44:54;00:00:00;00:00:00
07-janv;T3;;6121;REG;T3;1;DIR1;CASPOR;CIDJ_a;11:54:00;12:25:20;9.007;00:31:20;00:00:00;00:00:00
04-janv;T3;;6075;REG;T3;1;DIR1;CASPOR;HANT_a;12:06:00;12:50:54;13.470;00:44:54;00:00:00;00:00:00
08-janv;T3;;6122;REG;T3;1;DIR1;CASPOR;CIDJ_a;12:18:00;12:49:20;9.007;00:31:20;00:00:00;00:00:00
11-janv;T3;;6076;REG;T3;1;DIR1;CASPOR;HANT_a;12:30:00;13:14:54;13.470;00:44:54;00:00:00;00:00:00
03-janv;T3;;6123;REG;T3;1;DIR1;CASPOR;CIDJ_a;12:42:00;13:13:20;9.007;00:31:20;00:00:00;00:00:00
02-janv;T3;;6077;REG;T3;1;DIR1;CASPOR;HANT_a;12:54:00;13:38:54;13.470;00:44:54;00:00:00;00:00:00
06-janv;T3;;6124;REG;T3;1;DIR1;CASPOR;CIDJ_a;13:06:00;13:37:20;9.007;00:31:20;00:00:00;00:00:00
07-janv;T3;;6078;REG;T3;1;DIR1;CASPOR;HANT_a;13:18:00;14:02:54;13.470;00:44:54;00:00:00;00:00:00
12-janv;T3;;6125;REG;T3;1;DIR1;CASPOR;CIDJ_a;13:30:00;14:01:20;9.007;00:31:20;00:00:00;00:00:00
08-janv;T3;;6079;REG;T3;1;DIR1;CASPOR;HANT_a;13:42:00;14:26:54;13.470;00:44:54;00:00:00;00:00:00
04-janv;T3;;6126;REG;T3;1;DIR1;CASPOR;CIDJ_a;13:54:00;14:25:20;9.007;00:31:20;00:00:00;00:00:00
03-janv;T3;;6080;REG;T3;1;DIR1;CASPOR;HANT_a;14:06:00;14:50:54;13.470;00:44:54;00:00:00;00:00:00
11-janv;T3;;6127;REG;T3;1;DIR1;CASPOR;CIDJ_a;14:18:00;14:49:20;9.007;00:31:20;00:00:00;00:00:00
06-janv;T3;;6081;REG;T3;1;DIR1;CASPOR;HANT_a;14:30:00;15:14:54;13.470;00:44:54;00:00:00;00:00:00
02-janv;T3;;6128;REG;T3;1;DIR1;CASPOR;CIDJ_a;14:42:00;15:13:20;9.007;00:31:20;00:00:00;00:00:00
12-janv;T3;;6082;REG;T3;1;DIR1;CASPOR;HANT_a;14:54:00;15:38:54;13.470;00:44:54;00:00:00;00:00:00
07-janv;T3;;6129;REG;T3;1;DIR1;CASPOR;CIDJ_a;15:06:00;15:37:20;9.007;00:31:20;00:00:00;00:00:00
02-janv;T3;;7051;REG;T3;1;DIR1;CASPOR;HANT_a;09:42:00;10:26:54;13.470;00:44:54;00:00:00;00:00:00
08-janv;T3;;7052;REG;T3;2;DIR2;HANT_d;CASPOR;06:20:00;07:04:54;13.470;00:44:54;00:00:00;00:00:00
04-janv;T3;;6085;REG;T3;1;DIR1;CASPOR;HANT_a;15:18:00;16:02:54;13.470;00:44:54;00:00:00;00:00:00
08-janv;T3;;6131;REG;T3;1;DIR1;CASPOR;CIDJ_a;15:30:00;16:01:20;9.007;00:31:20;00:00:00;00:00:00
11-janv;T3;;6086;REG;T3;1;DIR1;CASPOR;HANT_a;15:42:00;16:26:54;13.470;00:44:54;00:00:00;00:00:00
03-janv;T3;;6132;REG;T3;1;DIR1;CASPOR;CIDJ_a;15:51:00;16:22:20;9.007;00:31:20;00:00:00;00:00:00
02-janv;T3;;6087;REG;T3;1;DIR1;CASPOR;HANT_a;15:59:00;16:43:54;13.470;00:44:54;00:00:00;00:00:00
09-févr;T3;;6133;REG;T3;1;DIR1;CASPOR;CIDJ_a;16:07:00;16:38:20;9.007;00:31:20;00:00:00;00:00:00
06-janv;T3;;6088;REG;T3;1;DIR1;CASPOR;HANT_a;16:15:00;16:59:54;13.470;00:44:54;00:00:00;00:00:00
10-févr;T3;;6134;REG;T3;1;DIR1;CASPOR;CIDJ_a;16:23:00;16:54:20;9.007;00:31:20;00:00:00;00:00:00
07-janv;T3;;6089;REG;T3;1;DIR1;CASPOR;HANT_a;16:31:00;17:15:54;13.470;00:44:54;00:00:00;00:00:00
12-janv;T3;;6135;REG;T3;1;DIR1;CASPOR;CIDJ_a;16:39:00;17:10:20;9.007;00:31:20;00:00:00;00:00:00
08-janv;T3;;6090;REG;T3;1;DIR1;CASPOR;HANT_a;16:47:00;17:31:54;13.470;00:44:54;00:00:00;00:00:00
05-févr;T3;;6136;REG;T3;1;DIR1;CASPOR;CIDJ_a;16:55:00;17:26:20;9.007;00:31:20;00:00:00;00:00:00
04-janv;T3;;6091;REG;T3;1;DIR1;CASPOR;HANT_a;17:03:00;17:47:54;13.470;00:44:54;00:00:00;00:00:00
01-févr;T3;;6137;REG;T3;1;DIR1;CASPOR;CIDJ_a;17:11:00;17:42:20;9.007;00:31:20;00:00:00;00:00:00
03-janv;T3;;6092;REG;T3;1;DIR1;CASPOR;HANT_a;17:19:00;18:03:54;13.470;00:44:54;00:00:00;00:00:00
11-janv;T3;;6138;REG;T3;1;DIR1;CASPOR;CIDJ_a;17:27:00;17:58:20;9.007;00:31:20;00:00:00;00:00:00
09-févr;T3;;6093;REG;T3;1;DIR1;CASPOR;HANT_a;17:35:00;18:19:54;13.470;00:44:54;00:00:00;00:00:00
02-janv;T3;;6139;REG;T3;1;DIR1;CASPOR;CIDJ_a;17:43:00;18:14:20;9.007;00:31:20;00:00:00;00:00:00
10-févr;T3;;6094;REG;T3;1;DIR1;CASPOR;HANT_a;17:51:00;18:35:54;13.470;00:44:54;00:00:00;00:00:00
06-janv;T3;;6140;REG;T3;1;DIR1;CASPOR;CIDJ_a;17:59:00;18:30:20;9.007;00:31:20;00:00:00;00:00:00
12-janv;T3;;6095;REG;T3;1;DIR1;CASPOR;HANT_a;18:07:00;18:51:54;13.470;00:44:54;00:00:00;00:00:00
07-janv;T3;;6141;REG;T3;1;DIR1;CASPOR;CIDJ_a;18:15:00;18:46:20;9.007;00:31:20;00:00:00;00:00:00
05-févr;T3;;6096;REG;T3;1;DIR1;CASPOR;HANT_a;18:23:00;19:07:54;13.470;00:44:54;00:00:00;00:00:00
01-févr;T3;;6097;REG;T3;1;DIR1;CASPOR;HANT_a;18:39:00;19:23:54;13.470;00:44:54;00:00:00;00:00:00
04-janv;T3;;6143;REG;T3;1;DIR1;CASPOR;CIDJ_a;18:47:00;19:18:20;9.007;00:31:20;00:00:00;00:00:00
11-janv;T3;;6098;REG;T3;1;DIR1;CASPOR;HANT_a;18:55:00;19:39:54;13.470;00:44:54;00:00:00;00:00:00
02-janv;T3;;6144;REG;T3;1;DIR1;CASPOR;CIDJ_a;19:11:00;19:42:20;9.007;00:31:20;00:00:00;00:00:00
03-janv;T3;;6099;REG;T3;1;DIR1;CASPOR;HANT_a;19:03:00;19:47:54;13.470;00:44:54;00:00:00;00:00:00
09-févr;T3;;6145;REG;T3;1;DIR1;CASPOR;HANT_a;19:19:00;20:03:54;13.470;00:44:54;00:00:00;00:00:00
06-janv;T3;;6100;REG;T3;1;DIR1;CASPOR;HANT_a;19:27:00;20:11:54;13.470;00:44:54;00:00:00;00:00:00
10-févr;T3;;6146;REG;T3;1;DIR1;CASPOR;CIDJ_a;19:35:00;20:06:20;9.007;00:31:20;00:00:00;00:00:00
07-janv;T3;;6101;REG;T3;1;DIR1;CASPOR;HANT_a;19:43:00;20:27:54;13.470;00:44:54;00:00:00;00:00:00
12-janv;T3;;6147;REG;T3;1;DIR1;CASPOR;CIDJ_a;19:51:00;20:22:20;9.007;00:31:20;00:00:00;00:00:00
04-janv;T3;;6102;REG;T3;1;DIR1;CASPOR;HANT_a;20:03:00;20:47:54;13.470;00:44:54;00:00:00;00:00:00
02-janv;T3;;6103;REG;T3;1;DIR1;CASPOR;HANT_a;20:27:00;21:11:54;13.470;00:44:54;00:00:00;00:00:00
11-janv;T3;;6149;REG;T3;1;DIR1;CASPOR;CIDJ_a;20:39:00;21:10:20;9.007;00:31:20;00:00:00;00:00:00
02-janv;T3;;7334;REG;T3;2;DIR2;HANT_d;CASPOR;21:24:00;22:08:54;13.470;00:44:54;00:00:00;00:00:00
10-févr;T3;;7336;REG;T3;2;DIR2;CIDJ_d;CASPOR;20:13:31;20:44:54;9.007;00:31:23;00:00:00;00:00:00
10-févr;T3;;7342;REG;T3;1;DIR1;CASPOR;HANT_a;20:51:00;21:35:54;13.470;00:44:54;00:00:00;00:00:00
08-janv;T3;;7338;REG;T3;2;DIR2;CIDJ_d;CASPOR;21:01:31;21:32:54;9.007;00:31:23;00:00:00;00:00:00
12-janv;T3;;7343;REG;T3;1;DIR1;CASPOR;HANT_a;21:15:00;21:59:54;13.470;00:44:54;00:00:00;00:00:00
06-janv;T3;;7045;REG;T3;1;DIR1;CASPOR;HANT_a;08:07:00;08:51:54;13.470;00:44:54;00:00:00;00:00:00
08-janv;T3;;5684;REG;T3;1;DIR1;CASPOR;HANT_a;21:39:00;22:23:54;13.470;00:44:54;00:00:00;00:00:00
10-févr;T3;;4701;DH;T3;o_1;DIR1;CASPOR;HANT_a;22:44:00;23:18:22;12.712;00:34:22;00:00:00;00:00:00
07-janv;T3;;4704;DH;T3;o_1;DIR1;CASPOR;HANT_a;22:51:00;23:25:22;12.712;00:34:22;00:00:00;00:00:00
12-janv;T3;;4705;DH;T3;o_1;DIR1;CASPOR;HANT_a;23:06:00;23:40:22;12.712;00:34:22;00:00:00;00:00:00
08-janv;T3;;4706;DH;T3;o_1;DIR1;CASPOR;HANT_a;23:22:00;23:56:22;12.712;00:34:22;00:00:00;00:00:00
12-janv;T3;;7337;REG;T3;2;DIR2;CIDJ_d;CASPOR;20:37:31;21:08:54;9.007;00:31:23;00:00:00;00:00:00
09-févr;T3;;7345;REG;T3;1;DIR1;CASPOR;CIDJ_a;21:03:00;21:34:20;9.007;00:31:20;00:00:00;00:00:00
10-févr;T3;;5700;REG;T3;2;DIR2;HANT_d;CASPOR;21:48:00;22:32:54;13.470;00:44:54;00:00:00;00:00:00
09-févr;T3;;7331;REG;T3;2;DIR2;HANT_d;CASPOR;20:12:00;20:56:54;13.470;00:44:54;00:00:00;00:00:00
11-janv;T3;;6193;REG;T3;2;DIR2;HANT_d;CASPOR;19:48:00;20:32:54;13.470;00:44:54;00:00:00;00:00:00
05-janv;T3;;7046;REG;T3;1;DIR1;CASPOR;HANT_a;08:15:00;08:59:54;13.470;00:44:54;00:00:00;00:00:00
04-janv;T3;;6187;REG;T3;2;DIR2;HANT_d;CASPOR;17:56:00;18:40:54;13.470;00:44:54;00:00:00;00:00:00
02-janv;T3;;6183;REG;T3;2;DIR2;HANT_d;CASPOR;16:52:00;17:36:54;13.470;00:44:54;00:00:00;00:00:00
01-févr;T3;;6181;REG;T3;2;DIR2;HANT_d;CASPOR;16:20:00;17:04:54;13.470;00:44:54;00:00:00;00:00:00
08-janv;T3;;6186;REG;T3;2;DIR2;HANT_d;CASPOR;17:40:00;18:24:54;13.470;00:44:54;00:00:00;00:00:00
11-janv;T3;;6182;REG;T3;2;DIR2;HANT_d;CASPOR;16:36:00;17:20:54;13.470;00:44:54;00:00:00;00:00:00
05-févr;T3;;6180;REG;T3;2;DIR2;HANT_d;CASPOR;16:04:00;16:48:54;13.470;00:44:54;00:00:00;00:00:00
10-févr;T3;;6178;REG;T3;2;DIR2;HANT_d;CASPOR;15:32:00;16:16:54;13.470;00:44:54;00:00:00;00:00:00
03-janv;T3;;6188;REG;T3;2;DIR2;HANT_d;CASPOR;18:12:00;18:56:54;13.470;00:44:54;00:00:00;00:00:00
12-janv;T3;;6179;REG;T3;2;DIR2;HANT_d;CASPOR;15:48:00;16:32:54;13.470;00:44:54;00:00:00;00:00:00
09-févr;T3;;6177;REG;T3;2;DIR2;HANT_d;CASPOR;15:16:00;16:00:54;13.470;00:44:54;00:00:00;00:00:00
08-janv;T3;;6192;REG;T3;2;DIR2;HANT_d;CASPOR;19:24:00;20:08:54;13.470;00:44:54;00:00:00;00:00:00
07-janv;T3;;6185;REG;T3;2;DIR2;HANT_d;CASPOR;17:24:00;18:08:54;13.470;00:44:54;00:00:00;00:00:00
03-janv;T3;;6175;REG;T3;2;DIR2;HANT_d;CASPOR;15:00:00;15:44:54;13.470;00:44:54;00:00:00;00:00:00
12-janv;T3;;6191;REG;T3;2;DIR2;HANT_d;CASPOR;19:00:00;19:44:54;13.470;00:44:54;00:00:00;00:00:00
10-févr;T3;;6190;REG;T3;2;DIR2;HANT_d;CASPOR;18:44:00;19:28:54;13.470;00:44:54;00:00:00;00:00:00
06-janv;T3;;6184;REG;T3;2;DIR2;HANT_d;CASPOR;17:08:00;17:52:54;13.470;00:44:54;00:00:00;00:00:00
01-janv;T3;;7048;REG;T3;1;DIR1;CASPOR;HANT_a;08:39:00;09:23:54;13.470;00:44:54;00:00:00;00:00:00
08-janv;T3;;6174;REG;T3;2;DIR2;HANT_d;CASPOR;14:36:00;15:20:54;13.470;00:44:54;00:00:00;00:00:00
09-févr;T3;;6189;REG;T3;2;DIR2;HANT_d;CASPOR;18:28:00;19:12:54;13.470;00:44:54;00:00:00;00:00:00
04-janv;T3;;6162;REG;T3;2;DIR2;HANT_d;CASPOR;09:48:00;10:32:54;13.470;00:44:54;00:00:00;00:00:00
03-janv;T3;;6167;REG;T3;2;DIR2;HANT_d;CASPOR;11:48:00;12:32:54;13.470;00:44:54;00:00:00;00:00:00
02-janv;T3;;6172;REG;T3;2;DIR2;HANT_d;CASPOR;13:48:00;14:32:54;13.470;00:44:54;00:00:00;00:00:00
08-janv;T3;;6166;REG;T3;2;DIR2;HANT_d;CASPOR;11:24:00;12:08:54;13.470;00:44:54;00:00:00;00:00:00
11-janv;T3;;6163;REG;T3;2;DIR2;HANT_d;CASPOR;10:12:00;10:56:54;13.470;00:44:54;00:00:00;00:00:00
12-janv;T3;;6161;REG;T3;2;DIR2;HANT_d;CASPOR;09:24:00;10:08:54;13.470;00:44:54;00:00:00;00:00:00
11-janv;T3;;6171;REG;T3;2;DIR2;HANT_d;CASPOR;13:24:00;14:08:54;13.470;00:44:54;00:00:00;00:00:00
04-janv;T3;;6170;REG;T3;2;DIR2;HANT_d;CASPOR;13:00:00;13:44:54;13.470;00:44:54;00:00:00;00:00:00
11-janv;T3;;7049;REG;T3;1;DIR1;CASPOR;HANT_a;09:18:00;10:02:54;13.470;00:44:54;00:00:00;00:00:00
06-janv;T3;;6160;REG;T3;2;DIR2;HANT_d;CASPOR;09:00:00;09:44:54;13.470;00:44:54;00:00:00;00:00:00
07-janv;T3;;6165;REG;T3;2;DIR2;HANT_d;CASPOR;11:00:00;11:44:54;13.470;00:44:54;00:00:00;00:00:00
12-janv;T3;;6169;REG;T3;2;DIR2;HANT_d;CASPOR;12:36:00;13:20:54;13.470;00:44:54;00:00:00;00:00:00
02-janv;T3;;6235;REG;T3;2;DIR2;CIDJ_d;CASPOR;18:33:31;19:04:54;9.007;00:31:23;00:00:00;00:00:00
06-janv;T3;;6168;REG;T3;2;DIR2;HANT_d;CASPOR;12:12:00;12:56:54;13.470;00:44:54;00:00:00;00:00:00
02-janv;T3;;6239;REG;T3;2;DIR2;CIDJ_d;CASPOR;19:49:31;20:20:54;9.007;00:31:23;00:00:00;00:00:00
07-janv;T3;;6173;REG;T3;2;DIR2;HANT_d;CASPOR;14:12:00;14:56:54;13.470;00:44:54;00:00:00;00:00:00
02-janv;T3;;6164;REG;T3;2;DIR2;HANT_d;CASPOR;10:36:00;11:20:54;13.470;00:44:54;00:00:00;00:00:00
09-janv;T3;;6512;REG;T3;2;DIR2;HANT_d;CASPOR;06:36:00;07:20:54;13.470;00:44:54;00:00:00;00:00:00
03-janv;T3;;6154;REG;T3;2;DIR2;HANT_d;CASPOR;06:52:00;07:36:54;13.470;00:44:54;00:00:00;00:00:00
05-janv;T3;;86;REG;T3;2;DIR2;HANT_d;CASPOR;05:30:00;06:14:54;13.470;00:44:54;00:00:00;00:00:00
01-janv;T3;;4715;DH;T3;o_2;DIR2;HANT_d;CASPOR;04:51:00;05:24:37;12.712;00:33:37;00:00:00;00:00:00
01-janv;T3;;6153;REG;T3;2;DIR2;HANT_d;CASPOR;06:28:00;07:12:54;13.470;00:44:54;00:00:00;00:00:00
12-janv;T3;;6231;REG;T3;2;DIR2;CIDJ_d;CASPOR;17:29:31;18:00:54;9.007;00:31:23;00:00:00;00:00:00
04-janv;T3;;7238;REG;T3;2;DIR2;HANT_d;CASPOR;16:12:00;16:56:54;13.470;00:44:54;00:00:00;00:00:00
12-janv;T3;;7047;REG;T3;1;DIR1;CASPOR;HANT_a;08:31:00;09:15:54;13.470;00:44:54;00:00:00;00:00:00
03-janv;T3;;7044;REG;T3;1;DIR1;CASPOR;HANT_a;07:43:00;08:27:54;13.470;00:44:54;00:00:00;00:00:00
02-janv;T3;;4714;DH;T3;o_2;DIR2;HANT_d;CASPOR;05:04:00;05:37:37;12.712;00:33:37;00:00:00;00:00:00
07-janv;T3;;87;REG;T3;2;DIR2;HANT_d;CASPOR;06:00:00;06:44:54;13.470;00:44:54;00:00:00;00:00:00
06-janv;T3;;1421;REG;T3;2;DIR2;HANT_d;CASPOR;05:45:00;06:29:54;13.470;00:44:54;00:00:00;00:00:00
02-janv;T3;;4713;REG;T3;2;DIR2;CIDJ_d;CASPOR;06:25:31;06:56:54;9.007;00:31:23;00:00:00;00:00:00
04-janv;T3;;6200;REG;T3;2;DIR2;CIDJ_d;CASPOR;06:57:31;07:28:54;9.007;00:31:23;00:00:00;00:00:00
03-janv;T3;;6228;REG;T3;2;DIR2;CIDJ_d;CASPOR;16:41:31;17:12:54;9.007;00:31:23;00:00:00;00:00:00
05-févr;T3;;6232;REG;T3;2;DIR2;CIDJ_d;CASPOR;17:45:31;18:16:54;9.007;00:31:23;00:00:00;00:00:00
06-janv;T3;;6236;REG;T3;2;DIR2;CIDJ_d;CASPOR;18:49:31;19:20:54;9.007;00:31:23;00:00:00;00:00:00
07-janv;T3;;6206;REG;T3;2;DIR2;CIDJ_d;CASPOR;09:25:31;09:56:54;9.007;00:31:23;00:00:00;00:00:00
08-janv;T3;;6207;REG;T3;2;DIR2;CIDJ_d;CASPOR;09:49:31;10:20:54;9.007;00:31:23;00:00:00;00:00:00
03-janv;T3;;6208;REG;T3;2;DIR2;CIDJ_d;CASPOR;10:13:31;10:44:54;9.007;00:31:23;00:00:00;00:00:00
06-janv;T3;;6209;REG;T3;2;DIR2;CIDJ_d;CASPOR;10:37:31;11:08:54;9.007;00:31:23;00:00:00;00:00:00
12-janv;T3;;6210;REG;T3;2;DIR2;CIDJ_d;CASPOR;11:01:31;11:32:54;9.007;00:31:23;00:00:00;00:00:00
04-janv;T3;;6211;REG;T3;2;DIR2;CIDJ_d;CASPOR;11:25:31;11:56:54;9.007;00:31:23;00:00:00;00:00:00
11-janv;T3;;6212;REG;T3;2;DIR2;CIDJ_d;CASPOR;11:49:31;12:20:54;9.007;00:31:23;00:00:00;00:00:00
02-janv;T3;;6213;REG;T3;2;DIR2;CIDJ_d;CASPOR;12:13:31;12:44:54;9.007;00:31:23;00:00:00;00:00:00
07-janv;T3;;6214;REG;T3;2;DIR2;CIDJ_d;CASPOR;12:37:31;13:08:54;9.007;00:31:23;00:00:00;00:00:00
08-janv;T3;;6215;REG;T3;2;DIR2;CIDJ_d;CASPOR;13:01:31;13:32:54;9.007;00:31:23;00:00:00;00:00:00
03-janv;T3;;6216;REG;T3;2;DIR2;CIDJ_d;CASPOR;13:25:31;13:56:54;9.007;00:31:23;00:00:00;00:00:00
06-janv;T3;;6217;REG;T3;2;DIR2;CIDJ_d;CASPOR;13:49:31;14:20:54;9.007;00:31:23;00:00:00;00:00:00
12-janv;T3;;6218;REG;T3;2;DIR2;CIDJ_d;CASPOR;14:13:31;14:44:54;9.007;00:31:23;00:00:00;00:00:00
04-janv;T3;;6219;REG;T3;2;DIR2;CIDJ_d;CASPOR;14:37:31;15:08:54;9.007;00:31:23;00:00:00;00:00:00
11-janv;T3;;6220;REG;T3;2;DIR2;CIDJ_d;CASPOR;15:01:31;15:32:54;9.007;00:31:23;00:00:00;00:00:00
02-janv;T3;;6223;REG;T3;2;DIR2;CIDJ_d;CASPOR;15:21:31;15:52:54;9.007;00:31:23;00:00:00;00:00:00
06-janv;T3;;7237;REG;T3;2;DIR2;HANT_d;CASPOR;15:24:00;16:08:54;13.470;00:44:54;00:00:00;00:00:00
11-janv;T3;;7014;REG;T3;2;DIR2;HANT_d;CASPOR;07:08:00;07:52:54;13.470;00:44:54;00:00:00;00:00:00
05-janv;T3;;7015;REG;T3;2;DIR2;HANT_d;CASPOR;07:24:00;08:08:54;13.470;00:44:54;00:00:00;00:00:00
12-janv;T3;;7016;REG;T3;2;DIR2;HANT_d;CASPOR;07:40:00;08:24:54;13.470;00:44:54;00:00:00;00:00:00
07-janv;T3;;7017;REG;T3;2;DIR2;HANT_d;CASPOR;07:56:00;08:40:54;13.470;00:44:54;00:00:00;00:00:00
08-janv;T3;;7018;REG;T3;2;DIR2;HANT_d;CASPOR;08:15:00;08:59:54;13.470;00:44:54;00:00:00;00:00:00
03-janv;T3;;7019;REG;T3;2;DIR2;HANT_d;CASPOR;08:39:00;09:23:54;13.470;00:44:54;00:00:00;00:00:00
10-janv;T3;;7614;REG;T3;2;DIR2;HANT_d;CASPOR;07:00:00;07:44:54;13.470;00:44:54;00:00:00;00:00:00
06-janv;T3;;7023;REG;T3;2;DIR2;CIDJ_d;CASPOR;07:29:31;08:00:54;9.007;00:31:23;00:00:00;00:00:00
02-janv;T3;;7024;REG;T3;2;DIR2;CIDJ_d;CASPOR;07:45:31;08:16:54;9.007;00:31:23;00:00:00;00:00:00
01-janv;T3;;7025;REG;T3;2;DIR2;CIDJ_d;CASPOR;08:01:31;08:32:54;9.007;00:31:23;00:00:00;00:00:00
04-janv;T3;;7026;REG;T3;2;DIR2;CIDJ_d;CASPOR;08:17:31;08:48:54;9.007;00:31:23;00:00:00;00:00:00
11-janv;T3;;7027;REG;T3;2;DIR2;CIDJ_d;CASPOR;08:40:31;09:11:54;9.007;00:31:23;00:00:00;00:00:00
02-janv;T3;;7028;REG;T3;2;DIR2;CIDJ_d;CASPOR;09:04:31;09:35:54;9.007;00:31:23;00:00:00;00:00:00
02-janv;T3;;7031;REG;T3;1;DIR1;CASPOR;CIDJ_a;07:03:00;07:34:20;9.007;00:31:20;00:00:00;00:00:00
01-janv;T3;;7032;REG;T3;1;DIR1;CASPOR;CIDJ_a;07:19:00;07:50:20;9.007;00:31:20;00:00:00;00:00:00
04-janv;T3;;7033;REG;T3;1;DIR1;CASPOR;CIDJ_a;07:35:00;08:06:20;9.007;00:31:20;00:00:00;00:00:00
11-janv;T3;;7035;REG;T3;1;DIR1;CASPOR;CIDJ_a;07:59:00;08:30:20;9.007;00:31:20;00:00:00;00:00:00
02-janv;T3;;7036;REG;T3;1;DIR1;CASPOR;CIDJ_a;08:23:00;08:54:20;9.007;00:31:20;00:00:00;00:00:00
07-janv;T3;;7037;REG;T3;1;DIR1;CASPOR;CIDJ_a;08:47:00;09:18:20;9.007;00:31:20;00:00:00;00:00:00
04-janv;T3;;7038;REG;T3;1;DIR1;CASPOR;HANT_a;08:55:00;09:39:54;13.470;00:44:54;00:00:00;00:00:00
08-janv;T3;;7039;REG;T3;1;DIR1;CASPOR;CIDJ_a;09:06:00;09:37:20;9.007;00:31:20;00:00:00;00:00:00
08-janv;T3;;7042;REG;T3;1;DIR1;CASPOR;HANT_a;07:11:00;07:55:54;13.470;00:44:54;00:00:00;00:00:00
09-janv;T3;;7043;REG;T3;1;DIR1;CASPOR;HANT_a;07:27:00;08:11:54;13.470;00:44:54;00:00:00;00:00:00
08-janv;T3;;7833;REG;T3;2;DIR2;HANT_d;CASPOR;22:31:00;23:15:54;13.470;00:44:54;00:00:00;00:00:00
07-janv;T3;;8025;REG;T3;2;DIR2;CIDJ_d;CASPOR;22:13:31;22:44:54;9.007;00:31:23;00:00:00;00:00:00
12-janv;T3;;7832;REG;T3;2;DIR2;HANT_d;CASPOR;22:15:00;22:59:54;13.470;00:44:54;00:00:00;00:00:00
02-janv;T3;;7837;REG;T3;1;DIR1;CASPOR;HANT_a;22:15:00;22:59:54;13.470;00:44:54;00:00:00;00:00:00
07-janv;T3;;8024;REG;T3;1;DIR1;CASPOR;CIDJ_a;21:27:00;21:58:20;9.007;00:31:20;00:00:00;00:00:00
09-févr;T3;;7839;REG;T3;1;DIR1;CASPOR;HANT_a;22:30:00;23:14:54;13.470;00:44:54;00:00:00;00:00:00
11-janv;T3;;7836;REG;T3;1;DIR1;CASPOR;HANT_a;22:03:00;22:47:54;13.470;00:44:54;00:00:00;00:00:00
04-janv;T3;;7835;REG;T3;1;DIR1;CASPOR;HANT_a;21:51:00;22:35:54;13.470;00:44:54;00:00:00;00:00:00
03-janv;T3;;8457;REG;T3;1;DIR1;CASPOR;CIDJ_a;09:30:00;10:01:20;9.007;00:31:20;00:00:00;00:00:00
10-janv;T3;;8548;REG;T3;1;DIR1;CASPOR;HANT_a;07:51:00;08:35:54;13.470;00:44:54;00:00:00;00:00:00
08-janv;T3;;8809;REG;T3;1;DIR1;CASPOR;CIDJ_a;20:15:00;20:46:20;9.007;00:31:20;00:00:00;00:00:00
08-janv;T3;;8808;REG;T3;1;DIR1;CASPOR;HANT_a;18:31:00;19:15:54;13.470;00:44:54;00:00:00;00:00:00
03-janv;T3;;11146;REG;T3;2;DIR2;DOUKKA;CASPOR;05:30:00;05:50:11;5.124;00:20:11;00:00:00;00:00:00
04-janv;T3;;11149;DH;T3;o_2;DIR2;HANT_d;CIDJ_d;05:17:00;05:27:52;4.212;00:10:52;00:02:08;00:02:08
04-janv;T3;;11147;REG;T3;2;DIR2;CIDJ_d;CASPOR;05:30:00;06:01:23;9.007;00:31:23;00:00:00;00:00:00
03-janv;T3;;11148;DH;T3;o_2;DIR2;HANT_d;DOUKKA;05:09:00;05:28:31;8.095;00:19:31;00:01:29;00:01:29
05-janv;T3;;11345;IN;;;;HANT_a;CDMHAN;08:59:54;09:02:54;0.800;00:03:00;;
08-janv;T3;;11347;IN;;;;HANT_a;CDMHAN;23:56:22;23:59:22;0.800;00:03:00;;
02-janv;T3;;11349;IN;;;;HANT_a;CDMHAN;22:59:54;23:02:54;0.800;00:03:00;;
03-janv;T3;;11351;IN;;;;HANT_a;CDMHAN;19:47:54;19:50:54;0.800;00:03:00;;
04-janv;T3;;11353;IN;;;;HANT_a;CDMHAN;22:35:54;22:38:54;0.800;00:03:00;;
10-févr;T3;;11355;IN;;;;HANT_a;CDMHAN;23:18:22;23:21:22;0.800;00:03:00;;
07-janv;T3;;11357;IN;;;;HANT_a;CDMHAN;23:25:22;23:28:22;0.800;00:03:00;;
11-janv;T3;;11359;IN;;;;HANT_a;CDMHAN;22:47:54;22:50:54;0.800;00:03:00;;
12-janv;T3;;11361;IN;;;;HANT_a;CDMHAN;23:40:22;23:43:22;0.800;00:03:00;;
06-janv;T3;;11363;IN;;;;HANT_a;CDMHAN;20:11:54;20:14:54;0.800;00:03:00;;
10-janv;T3;;11365;IN;;;;HANT_a;CDMHAN;08:35:54;08:38:54;0.800;00:03:00;;
09-janv;T3;;11367;IN;;;;HANT_a;CDMHAN;08:11:54;08:14:54;0.800;00:03:00;;
01-janv;T3;;11369;IN;;;;HANT_a;CDMHAN;09:23:54;09:26:54;0.800;00:03:00;;
09-févr;T3;;11371;IN;;;;HANT_a;CDMHAN;23:14:54;23:17:54;0.800;00:03:00;;
01-févr;T3;;11373;IN;;;;HANT_a;CDMHAN;19:23:54;19:26:54;0.800;00:03:00;;
05-févr;T3;;11375;IN;;;;HANT_a;CDMHAN;19:07:54;19:10:54;0.800;00:03:00;;
05-janv;T3;;11565;DH;T3;;DIR2;CASPOR;CASPOR;08:08:54;08:10:14;0.000;00:01:20;00:04:46;00:02:46
06-janv;T3;;11439;DH;T3;;DIR2;CASPOR;CASPOR;06:29:54;06:31:14;0.000;00:01:20;00:10:46;00:08:46
09-janv;T3;;11567;DH;T3;;DIR2;CASPOR;CASPOR;07:20:54;07:22:14;0.000;00:01:20;00:04:46;00:02:46
08-janv;T3;;11385;DH;T3;;DIR1;CIDJ_a;CIDJ_d;12:49:20;12:53:20;0.400;00:04:00;00:08:11;00:06:11
02-janv;T3;;11457;DH;T3;;DIR1;CIDJ_a;CIDJ_d;06:16:20;06:20:20;0.400;00:04:00;00:05:11;00:03:11
09-févr;T3;;11553;DH;T3;;DIR2;CASPOR;CASPOR;17:28:54;17:30:14;0.000;00:01:20;00:04:46;00:02:46
04-janv;T3;;11525;DH;T3;;DIR2;CASPOR;CASPOR;13:44:54;13:46:14;0.000;00:01:20;00:07:46;00:05:46
08-janv;T3;;11389;DH;T3;;DIR1;CIDJ_a;CIDJ_d;16:01:20;16:05:20;0.400;00:04:00;00:04:11;00:02:11
02-janv;T3;;11477;DH;T3;;DIR1;HANT_a;HANT_d;21:11:54;21:16:54;0.400;00:05:00;00:07:06;00:05:06
09-févr;T3;;11555;DH;T3;;DIR2;CASPOR;CASPOR;19:12:54;19:14:14;0.000;00:01:20;00:04:46;00:02:46
02-janv;T3;;11469;DH;T3;;DIR1;CIDJ_a;CIDJ_d;15:13:20;15:17:20;0.400;00:04:00;00:04:11;00:02:11
03-janv;T3;;11503;DH;T3;;DIR1;CIDJ_a;CIDJ_d;10:01:20;10:05:20;0.400;00:04:00;00:08:11;00:06:11
01-janv;T3;;11568;DH;T3;;DIR1;HANT_a;HANT_d;06:14:54;06:19:54;0.400;00:05:00;00:08:06;00:06:06
04-janv;T3;;11527;DH;T3;;DIR2;CASPOR;CASPOR;15:08:54;15:10:14;0.000;00:01:20;00:07:46;00:05:46
06-janv;T3;;11453;DH;T3;;DIR2;CASPOR;CASPOR;17:52:54;17:54:14;0.000;00:01:20;00:04:46;00:02:46
02-janv;T3;;11467;DH;T3;;DIR1;HANT_a;HANT_d;13:38:54;13:43:54;0.400;00:05:00;00:04:06;00:02:06
07-janv;T3;;11418;DH;T3;;DIR1;CIDJ_a;CIDJ_d;21:58:20;22:02:20;0.400;00:04:00;00:11:11;00:09:11
03-janv;T3;;11511;DH;T3;;DIR1;CIDJ_a;CIDJ_d;16:22:20;16:26:20;0.400;00:04:00;00:15:11;00:13:11
07-janv;T3;;11410;DH;T3;;DIR1;CIDJ_a;CIDJ_d;15:37:20;15:41:20;0.400;00:04:00;00:12:11;00:10:11
08-janv;T3;;11394;DH;T3;;DIR2;CASPOR;CASPOR;20:08:54;20:10:14;0.000;00:01:20;00:04:46;00:02:46
02-janv;T3;;11461;DH;T3;;DIR1;CIDJ_a;CIDJ_d;08:54:20;08:58:20;0.400;00:04:00;00:06:11;00:04:11
02-janv;T3;;11471;DH;T3;;DIR1;HANT_a;HANT_d;16:43:54;16:48:54;0.400;00:05:00;00:03:06;00:01:06
08-janv;T3;;11392;DH;T3;;DIR2;CASPOR;CASPOR;18:24:54;18:26:14;0.000;00:01:20;00:04:46;00:02:46
06-janv;T3;;11442;DH;T3;;DIR1;HANT_a;HANT_d;08:51:54;08:56:54;0.400;00:05:00;00:03:06;00:01:06
02-janv;T3;;11473;DH;T3;;DIR1;CIDJ_a;CIDJ_d;18:14:20;18:18:20;0.400;00:04:00;00:15:11;00:13:11
02-janv;T3;;11465;DH;T3;;DIR1;CIDJ_a;CIDJ_d;12:01:20;12:05:20;0.400;00:04:00;00:08:11;00:06:11
09-févr;T3;;11551;DH;T3;;DIR2;CASPOR;CASPOR;16:00:54;16:02:14;0.000;00:01:20;00:04:46;00:02:46
02-janv;T3;;11463;DH;T3;;DIR1;HANT_a;HANT_d;10:26:54;10:31:54;0.400;00:05:00;00:04:06;00:02:06
08-janv;T3;;11380;DH;T3;;DIR2;CASPOR;CASPOR;08:59:54;09:01:14;0.000;00:01:20;00:04:46;00:02:46
08-janv;T3;;11393;DH;T3;;DIR1;HANT_a;HANT_d;19:15:54;19:20:54;0.400;00:05:00;00:03:06;00:01:06
04-janv;T3;;11534;DH;T3;;DIR1;HANT_a;HANT_d;20:47:54;20:52:54;0.400;00:05:00;00:07:06;00:05:06
09-févr;T3;;11558;DH;T3;;DIR1;CIDJ_a;CIDJ_d;21:34:20;21:38:20;0.400;00:04:00;00:11:11;00:09:11
08-janv;T3;;11382;DH;T3;;DIR2;CASPOR;CASPOR;10:20:54;10:22:14;0.000;00:01:20;00:07:46;00:05:46
07-janv;T3;;11402;DH;T3;;DIR1;CIDJ_a;CIDJ_d;09:18:20;09:22:20;0.400;00:04:00;00:03:11;00:01:11
06-janv;T3;;11441;DH;T3;;DIR2;CASPOR;CASPOR;08:00:54;08:02:14;0.000;00:01:20;00:04:46;00:02:46
02-janv;T3;;11474;DH;T3;;DIR2;CASPOR;CASPOR;19:04:54;19:06:14;0.000;00:01:20;00:04:46;00:02:46
04-janv;T3;;11524;DH;T3;;DIR1;HANT_a;HANT_d;12:50:54;12:55:54;0.400;00:05:00;00:04:06;00:02:06
04-janv;T3;;11522;DH;T3;;DIR1;CIDJ_a;CIDJ_d;11:13:20;11:17:20;0.400;00:04:00;00:08:11;00:06:11
04-janv;T3;;11517;DH;T3;;DIR2;CASPOR;CASPOR;07:28:54;07:30:14;0.000;00:01:20;00:04:46;00:02:46
02-janv;T3;;11475;DH;T3;;DIR1;CIDJ_a;CIDJ_d;19:42:20;19:46:20;0.400;00:04:00;00:03:11;00:01:11
02-janv;T3;;11466;DH;T3;;DIR2;CASPOR;CASPOR;12:44:54;12:46:14;0.000;00:01:20;00:07:46;00:05:46
04-janv;T3;;11520;DH;T3;;DIR1;HANT_a;HANT_d;09:39:54;09:44:54;0.400;00:05:00;00:03:06;00:01:06
07-janv;T3;;11400;DH;T3;;DIR1;HANT_a;HANT_d;07:38:54;07:43:54;0.400;00:05:00;00:12:06;00:10:06
08-janv;T3;;11397;DH;T3;;DIR1;HANT_a;HANT_d;22:23:54;22:28:54;0.400;00:05:00;00:02:06;00:00:06
12-janv;T3;;11436;DH;T3;;DIR2;CASPOR;CASPOR;21:08:54;21:10:14;0.000;00:01:20;00:04:46;00:02:46
04-janv;T3;;11532;DH;T3;;DIR1;CIDJ_a;CIDJ_d;19:18:20;19:22:20;0.400;00:04:00;00:03:11;00:01:11
12-janv;T3;;11428;DH;T3;;DIR2;CASPOR;CASPOR;14:44:54;14:46:14;0.000;00:01:20;00:07:46;00:05:46
04-janv;T3;;11529;DH;T3;;DIR2;CASPOR;CASPOR;16:56:54;16:58:14;0.000;00:01:20;00:04:46;00:02:46
08-janv;T3;;11391;DH;T3;;DIR1;HANT_a;HANT_d;17:31:54;17:36:54;0.400;00:05:00;00:03:06;00:01:06
02-janv;T3;;11458;DH;T3;;DIR2;CASPOR;CASPOR;06:56:54;06:58:14;0.000;00:01:20;00:04:46;00:02:46
08-janv;T3;;11383;DH;T3;;DIR1;HANT_a;HANT_d;11:14:54;11:19:54;0.400;00:05:00;00:04:06;00:02:06
06-janv;T3;;11445;DH;T3;;DIR2;CASPOR;CASPOR;11:08:54;11:10:14;0.000;00:01:20;00:07:46;00:05:46
02-janv;T3;;11573;OUT;;;;CDMHAN;HANT_d;05:01:00;05:04:00;0.800;00:03:00;00:00:00;00:00:00
03-janv;T3;;11575;OUT;;;;CDMHAN;HANT_d;05:06:00;05:09:00;0.800;00:03:00;00:00:00;00:00:00
10-févr;T3;;11547;DH;T3;;DIR2;CASPOR;CASPOR;22:32:54;22:34:14;0.000;00:01:20;00:09:46;00:07:46
10-févr;T3;;11546;DH;T3;;DIR1;HANT_a;HANT_d;21:35:54;21:40:54;0.400;00:05:00;00:07:06;00:05:06
11-janv;T3;;11483;DH;T3;;DIR2;CASPOR;CASPOR;10:56:54;10:58:14;0.000;00:01:20;00:07:46;00:05:46
11-janv;T3;;11495;DH;T3;;DIR2;CASPOR;CASPOR;20:32:54;20:34:14;0.000;00:01:20;00:04:46;00:02:46
11-janv;T3;;11487;DH;T3;;DIR2;CASPOR;CASPOR;14:08:54;14:10:14;0.000;00:01:20;00:07:46;00:05:46
12-janv;T3;;11421;DH;T3;;DIR1;HANT_a;HANT_d;09:15:54;09:20:54;0.400;00:05:00;00:03:06;00:01:06
12-janv;T3;;11433;DH;T3;;DIR1;HANT_a;HANT_d;18:51:54;18:56:54;0.400;00:05:00;00:03:06;00:01:06
12-janv;T3;;11425;DH;T3;;DIR1;HANT_a;HANT_d;12:26:54;12:31:54;0.400;00:05:00;00:04:06;00:02:06
05-janv;T3;;11563;DH;T3;;DIR2;CASPOR;CASPOR;06:14:54;06:16:14;0.000;00:01:20;00:13:46;00:11:46
03-janv;T3;;11508;DH;T3;;DIR2;CASPOR;CASPOR;13:56:54;13:58:14;0.000;00:01:20;00:07:46;00:05:46
03-janv;T3;;11500;DH;T3;;DIR2;CASPOR;CASPOR;07:36:54;07:38:14;0.000;00:01:20;00:04:46;00:02:46
07-janv;T3;;11415;DH;T3;;DIR2;CASPOR;CASPOR;19:36:54;19:38:14;0.000;00:01:20;00:04:46;00:02:46
07-janv;T3;;11407;DH;T3;;DIR2;CASPOR;CASPOR;13:08:54;13:10:14;0.000;00:01:20;00:07:46;00:05:46
07-janv;T3;;11399;DH;T3;;DIR2;CASPOR;CASPOR;06:44:54;06:46:14;0.000;00:01:20;00:07:46;00:05:46
06-janv;T3;;11450;DH;T3;;DIR1;HANT_a;HANT_d;15:14:54;15:19:54;0.400;00:05:00;00:04:06;00:02:06
10-janv;T3;;11582;OUT;;;;CDMHAN;HANT_d;06:57:00;07:00:00;0.800;00:03:00;00:00:00;00:00:00
01-janv;T3;;11561;DH;T3;;DIR1;CIDJ_a;CIDJ_d;07:50:20;07:54:20;0.400;00:04:00;00:07:11;00:05:11
05-févr;T3;;11549;DH;T3;;DIR1;CIDJ_a;CIDJ_d;17:26:20;17:30:20;0.400;00:04:00;00:15:11;00:13:11
10-févr;T3;;11543;DH;T3;;DIR2;CASPOR;CASPOR;19:28:54;19:30:14;0.000;00:01:20;00:04:46;00:02:46
11-janv;T3;;11480;DH;T3;;DIR1;CIDJ_a;CIDJ_d;08:30:20;08:34:20;0.400;00:04:00;00:06:11;00:04:11
11-janv;T3;;11492;DH;T3;;DIR1;CIDJ_a;CIDJ_d;17:58:20;18:02:20;0.400;00:04:00;00:15:11;00:13:11
01-févr;T3;;11536;DH;T3;;DIR2;CASPOR;CASPOR;17:04:54;17:06:14;0.000;00:01:20;00:04:46;00:02:46
11-janv;T3;;11583;OUT;;;;CDMHAN;HANT_d;07:05:00;07:08:00;0.800;00:03:00;00:00:00;00:00:00
12-janv;T3;;11430;DH;T3;;DIR2;CASPOR;CASPOR;16:32:54;16:34:14;0.000;00:01:20;00:04:46;00:02:46
12-janv;T3;;11422;DH;T3;;DIR2;CASPOR;CASPOR;10:08:54;10:10:14;0.000;00:01:20;00:07:46;00:05:46
03-janv;T3;;11513;DH;T3;;DIR1;HANT_a;HANT_d;18:03:54;18:08:54;0.400;00:05:00;00:03:06;00:01:06
03-janv;T3;;11505;DH;T3;;DIR1;HANT_a;HANT_d;11:38:54;11:43:54;0.400;00:05:00;00:04:06;00:02:06
08-janv;T3;;11398;DH;T3;;DIR2;CASPOR;CASPOR;23:15:54;23:17:14;0.000;00:01:20;00:04:46;00:02:46
07-janv;T3;;11412;DH;T3;;DIR1;HANT_a;HANT_d;17:15:54;17:20:54;0.400;00:05:00;00:03:06;00:01:06
07-janv;T3;;11404;DH;T3;;DIR1;HANT_a;HANT_d;10:50:54;10:55:54;0.400;00:05:00;00:04:06;00:02:06
06-janv;T3;;11447;DH;T3;;DIR2;CASPOR;CASPOR;12:56:54;12:58:14;0.000;00:01:20;00:07:46;00:05:46
04-janv;T3;;11576;OUT;;;;CDMHAN;HANT_d;05:14:00;05:17:00;0.800;00:03:00;00:00:00;00:00:00
04-janv;T3;;11515;DH;T3;;DIR2;CASPOR;CASPOR;06:01:23;06:02:43;0.000;00:01:20;00:12:17;00:10:17
09-févr;T3;;11571;OUT;;;;CDMHAN;HANT_d;15:13:00;15:16:00;0.800;00:03:00;00:00:00;00:00:00
12-janv;T3;;11584;OUT;;;;CDMHAN;HANT_d;07:37:00;07:40:00;0.800;00:03:00;00:00:00;00:00:00
10-févr;T3;;11545;DH;T3;;DIR2;CASPOR;CASPOR;20:44:54;20:46:14;0.000;00:01:20;00:04:46;00:02:46
11-janv;T3;;11482;DH;T3;;DIR1;HANT_a;HANT_d;10:02:54;10:07:54;0.400;00:05:00;00:04:06;00:02:06
11-janv;T3;;11494;DH;T3;;DIR1;HANT_a;HANT_d;19:39:54;19:44:54;0.400;00:05:00;00:03:06;00:01:06
11-janv;T3;;11486;DH;T3;;DIR1;HANT_a;HANT_d;13:14:54;13:19:54;0.400;00:05:00;00:04:06;00:02:06
12-janv;T3;;11420;DH;T3;;DIR2;CASPOR;CASPOR;08:24:54;08:26:14;0.000;00:01:20;00:04:46;00:02:46
12-janv;T3;;11432;DH;T3;;DIR2;CASPOR;CASPOR;18:00:54;18:02:14;0.000;00:01:20;00:04:46;00:02:46
12-janv;T3;;11424;DH;T3;;DIR2;CASPOR;CASPOR;11:32:54;11:34:14;0.000;00:01:20;00:07:46;00:05:46
11-janv;T3;;11497;DH;T3;;DIR2;CASPOR;CASPOR;21:56:54;21:58:14;0.000;00:01:20;00:04:46;00:02:46
03-janv;T3;;11507;DH;T3;;DIR1;CIDJ_a;CIDJ_d;13:13:20;13:17:20;0.400;00:04:00;00:08:11;00:06:11
03-janv;T3;;11499;DH;T3;;DIR1;HANT_a;HANT_d;06:44:54;06:49:54;0.400;00:05:00;00:02:06;00:00:06
07-janv;T3;;11414;DH;T3;;DIR1;CIDJ_a;CIDJ_d;18:46:20;18:50:20;0.400;00:04:00;00:15:11;00:13:11
07-janv;T3;;11406;DH;T3;;DIR1;CIDJ_a;CIDJ_d;12:25:20;12:29:20;0.400;00:04:00;00:08:11;00:06:11
12-janv;T3;;11438;DH;T3;;DIR2;CASPOR;CASPOR;22:59:54;23:01:14;0.000;00:01:20;00:04:46;00:02:46
06-janv;T3;;11449;DH;T3;;DIR2;CASPOR;CASPOR;14:20:54;14:22:14;0.000;00:01:20;00:07:46;00:05:46
09-janv;T3;;11572;OUT;;;;CDMHAN;HANT_d;06:33:00;06:36:00;0.800;00:03:00;00:00:00;00:00:00
01-janv;T3;;11574;OUT;;;;CDMHAN;HANT_d;04:48:00;04:51:00;0.800;00:03:00;00:00:00;00:00:00
09-févr;T3;;11559;DH;T3;;DIR2;CASPOR;CASPOR;22:20:54;22:22:14;0.000;00:01:20;00:07:46;00:05:46
10-févr;T3;;11539;DH;T3;;DIR2;CASPOR;CASPOR;16:16:54;16:18:14;0.000;00:01:20;00:04:46;00:02:46
10-févr;T3;;11541;DH;T3;;DIR2;CASPOR;CASPOR;17:44:54;17:46:14;0.000;00:01:20;00:04:46;00:02:46
02-janv;T3;;11478;DH;T3;;DIR2;CASPOR;CASPOR;22:08:54;22:10:14;0.000;00:01:20;00:04:46;00:02:46
11-janv;T3;;11490;DH;T3;;DIR1;HANT_a;HANT_d;16:26:54;16:31:54;0.400;00:05:00;00:04:06;00:02:06
07-janv;T3;;11580;OUT;;;;CDMHAN;HANT_d;05:57:00;06:00:00;0.800;00:03:00;00:00:00;00:00:00
05-févr;T3;;11550;DH;T3;;DIR2;CASPOR;CASPOR;18:16:54;18:18:14;0.000;00:01:20;00:04:46;00:02:46
04-janv;T3;;11528;DH;T3;;DIR1;HANT_a;HANT_d;16:02:54;16:07:54;0.400;00:05:00;00:04:06;00:02:06
04-janv;T3;;11518;DH;T3;;DIR1;CIDJ_a;CIDJ_d;08:06:20;08:10:20;0.400;00:04:00;00:07:11;00:05:11
02-janv;T3;;11459;DH;T3;;DIR1;CIDJ_a;CIDJ_d;07:34:20;07:38:20;0.400;00:04:00;00:07:11;00:05:11
09-févr;T3;;11552;DH;T3;;DIR1;CIDJ_a;CIDJ_d;16:38:20;16:42:20;0.400;00:04:00;00:15:11;00:13:11
04-janv;T3;;11521;DH;T3;;DIR2;CASPOR;CASPOR;10:32:54;10:34:14;0.000;00:01:20;00:07:46;00:05:46
06-janv;T3;;11451;DH;T3;;DIR2;CASPOR;CASPOR;16:08:54;16:10:14;0.000;00:01:20;00:04:46;00:02:46
04-janv;T3;;11526;DH;T3;;DIR1;CIDJ_a;CIDJ_d;14:25:20;14:29:20;0.400;00:04:00;00:08:11;00:06:11
04-janv;T3;;11531;DH;T3;;DIR2;CASPOR;CASPOR;18:40:54;18:42:14;0.000;00:01:20;00:04:46;00:02:46
09-févr;T3;;11556;DH;T3;;DIR1;HANT_a;HANT_d;20:03:54;20:08:54;0.400;00:05:00;00:03:06;00:01:06
04-janv;T3;;11523;DH;T3;;DIR2;CASPOR;CASPOR;11:56:54;11:58:14;0.000;00:01:20;00:07:46;00:05:46
05-févr;T3;;11585;OUT;;;;CDMHAN;HANT_d;16:01:00;16:04:00;0.800;00:03:00;00:00:00;00:00:00
06-janv;T3;;11443;DH;T3;;DIR2;CASPOR;CASPOR;09:44:54;09:46:14;0.000;00:01:20;00:07:46;00:05:46
04-janv;T3;;11530;DH;T3;;DIR1;HANT_a;HANT_d;17:47:54;17:52:54;0.400;00:05:00;00:03:06;00:01:06
03-janv;T3;;11514;DH;T3;;DIR2;CASPOR;CASPOR;18:56:54;18:58:14;0.000;00:01:20;00:04:46;00:02:46
04-janv;T3;;11519;DH;T3;;DIR2;CASPOR;CASPOR;08:48:54;08:50:14;0.000;00:01:20;00:04:46;00:02:46
09-févr;T3;;11557;DH;T3;;DIR2;CASPOR;CASPOR;20:56:54;20:58:14;0.000;00:01:20;00:04:46;00:02:46
04-janv;T3;;11533;DH;T3;;DIR2;CASPOR;CASPOR;19:56:54;19:58:14;0.000;00:01:20;00:04:46;00:02:46
09-févr;T3;;11554;DH;T3;;DIR1;HANT_a;HANT_d;18:19:54;18:24:54;0.400;00:05:00;00:03:06;00:01:06
10-févr;T3;;11544;DH;T3;;DIR1;CIDJ_a;CIDJ_d;20:06:20;20:10:20;0.400;00:04:00;00:03:11;00:01:11
11-janv;T3;;11481;DH;T3;;DIR2;CASPOR;CASPOR;09:11:54;09:13:14;0.000;00:01:20;00:04:46;00:02:46
11-janv;T3;;11493;DH;T3;;DIR2;CASPOR;CASPOR;18:48:54;18:50:14;0.000;00:01:20;00:04:46;00:02:46
11-janv;T3;;11485;DH;T3;;DIR2;CASPOR;CASPOR;12:20:54;12:22:14;0.000;00:01:20;00:07:46;00:05:46
07-janv;T3;;11419;DH;T3;;DIR2;CASPOR;CASPOR;22:44:54;22:46:14;0.000;00:01:20;00:04:46;00:02:46
12-janv;T3;;11431;DH;T3;;DIR1;CIDJ_a;CIDJ_d;17:10:20;17:14:20;0.400;00:04:00;00:15:11;00:13:11
12-janv;T3;;11423;DH;T3;;DIR1;CIDJ_a;CIDJ_d;10:49:20;10:53:20;0.400;00:04:00;00:08:11;00:06:11
03-janv;T3;;11506;DH;T3;;DIR2;CASPOR;CASPOR;12:32:54;12:34:14;0.000;00:01:20;00:07:46;00:05:46
03-janv;T3;;11498;DH;T3;;DIR2;CASPOR;CASPOR;05:50:11;05:51:31;0.000;00:01:20;00:08:29;00:06:29
07-janv;T3;;11413;DH;T3;;DIR2;CASPOR;CASPOR;18:08:54;18:10:14;0.000;00:01:20;00:04:46;00:02:46
07-janv;T3;;11405;DH;T3;;DIR2;CASPOR;CASPOR;11:44:54;11:46:14;0.000;00:01:20;00:07:46;00:05:46
10-févr;T3;;11578;OUT;;;;CDMHAN;HANT_d;15:29:00;15:32:00;0.800;00:03:00;00:00:00;00:00:00
06-janv;T3;;11448;DH;T3;;DIR1;CIDJ_a;CIDJ_d;13:37:20;13:41:20;0.400;00:04:00;00:08:11;00:06:11
06-janv;T3;;11440;DH;T3;;DIR1;CIDJ_a;CIDJ_d;07:13:20;07:17:20;0.400;00:04:00;00:12:11;00:10:11
02-janv;T3;;11472;DH;T3;;DIR2;CASPOR;CASPOR;17:36:54;17:38:14;0.000;00:01:20;00:04:46;00:02:46
02-janv;T3;;11464;DH;T3;;DIR2;CASPOR;CASPOR;11:20:54;11:22:14;0.000;00:01:20;00:07:46;00:05:46
02-janv;T3;;11456;DH;T3;;DIR2;CASPOR;CASPOR;05:37:37;05:38:57;0.000;00:01:20;00:06:03;00:06:03
08-janv;T3;;11390;DH;T3;;DIR2;CASPOR;CASPOR;16:40:54;16:42:14;0.000;00:01:20;00:04:46;00:02:46
08-janv;T3;;11384;DH;T3;;DIR2;CASPOR;CASPOR;12:08:54;12:10:14;0.000;00:01:20;00:07:46;00:05:46
07-janv;T3;;11408;DH;T3;;DIR1;HANT_a;HANT_d;14:02:54;14:07:54;0.400;00:05:00;00:04:06;00:02:06
06-janv;T3;;11455;DH;T3;;DIR2;CASPOR;CASPOR;19:20:54;19:22:14;0.000;00:01:20;00:04:46;00:02:46
01-févr;T3;;11581;OUT;;;;CDMHAN;HANT_d;16:17:00;16:20:00;0.800;00:03:00;00:00:00;00:00:00
01-févr;T3;;11538;DH;T3;;DIR2;CASPOR;CASPOR;18:32:54;18:34:14;0.000;00:01:20;00:04:46;00:02:46
10-févr;T3;;11540;DH;T3;;DIR1;CIDJ_a;CIDJ_d;16:54:20;16:58:20;0.400;00:04:00;00:15:11;00:13:11
11-janv;T3;;11489;DH;T3;;DIR2;CASPOR;CASPOR;15:32:54;15:34:14;0.000;00:01:20;00:07:46;00:05:46
12-janv;T3;;11435;DH;T3;;DIR1;CIDJ_a;CIDJ_d;20:22:20;20:26:20;0.400;00:04:00;00:11:11;00:09:11
12-janv;T3;;11427;DH;T3;;DIR1;CIDJ_a;CIDJ_d;14:01:20;14:05:20;0.400;00:04:00;00:08:11;00:06:11
03-janv;T3;;11510;DH;T3;;DIR2;CASPOR;CASPOR;15:44:54;15:46:14;0.000;00:01:20;00:04:46;00:02:46
03-janv;T3;;11502;DH;T3;;DIR2;CASPOR;CASPOR;09:23:54;09:25:14;0.000;00:01:20;00:04:46;00:02:46
07-janv;T3;;11417;DH;T3;;DIR2;CASPOR;CASPOR;21:20:54;21:22:14;0.000;00:01:20;00:04:46;00:02:46
07-janv;T3;;11409;DH;T3;;DIR2;CASPOR;CASPOR;14:56:54;14:58:14;0.000;00:01:20;00:07:46;00:05:46
07-janv;T3;;11401;DH;T3;;DIR2;CASPOR;CASPOR;08:40:54;08:42:14;0.000;00:01:20;00:04:46;00:02:46
06-janv;T3;;11452;DH;T3;;DIR1;HANT_a;HANT_d;16:59:54;17:04:54;0.400;00:05:00;00:03:06;00:01:06
06-janv;T3;;11444;DH;T3;;DIR1;CIDJ_a;CIDJ_d;10:25:20;10:29:20;0.400;00:04:00;00:08:11;00:06:11
02-janv;T3;;11476;DH;T3;;DIR2;CASPOR;CASPOR;20:20:54;20:22:14;0.000;00:01:20;00:04:46;00:02:46
02-janv;T3;;11468;DH;T3;;DIR2;CASPOR;CASPOR;14:32:54;14:34:14;0.000;00:01:20;00:07:46;00:05:46
02-janv;T3;;11460;DH;T3;;DIR2;CASPOR;CASPOR;08:16:54;08:18:14;0.000;00:01:20;00:04:46;00:02:46
08-janv;T3;;11395;DH;T3;;DIR1;CIDJ_a;CIDJ_d;20:46:20;20:50:20;0.400;00:04:00;00:11:11;00:09:11
08-janv;T3;;11387;DH;T3;;DIR1;HANT_a;HANT_d;14:26:54;14:31:54;0.400;00:05:00;00:04:06;00:02:06
08-janv;T3;;11379;DH;T3;;DIR1;HANT_a;HANT_d;07:55:54;08:00:54;0.400;00:05:00;00:14:06;00:12:06
01-janv;T3;;11560;DH;T3;;DIR2;CASPOR;CASPOR;07:12:54;07:14:14;0.000;00:01:20;00:04:46;00:02:46
05-févr;T3;;11548;DH;T3;;DIR2;CASPOR;CASPOR;16:48:54;16:50:14;0.000;00:01:20;00:04:46;00:02:46
10-févr;T3;;11542;DH;T3;;DIR1;HANT_a;HANT_d;18:35:54;18:40:54;0.400;00:05:00;00:03:06;00:01:06
11-janv;T3;;11479;DH;T3;;DIR2;CASPOR;CASPOR;07:52:54;07:54:14;0.000;00:01:20;00:04:46;00:02:46
11-janv;T3;;11491;DH;T3;;DIR2;CASPOR;CASPOR;17:20:54;17:22:14;0.000;00:01:20;00:04:46;00:02:46
04-janv;T3;;11535;DH;T3;;DIR2;CASPOR;CASPOR;21:44:54;21:46:14;0.000;00:01:20;00:04:46;00:02:46
12-janv;T3;;11437;DH;T3;;DIR1;HANT_a;HANT_d;21:59:54;22:04:54;0.400;00:05:00;00:10:06;00:08:06
12-janv;T3;;11429;DH;T3;;DIR1;HANT_a;HANT_d;15:38:54;15:43:54;0.400;00:05:00;00:04:06;00:02:06
01-janv;T3;;11562;DH;T3;;DIR2;CASPOR;CASPOR;08:32:54;08:34:14;0.000;00:01:20;00:04:46;00:02:46
03-janv;T3;;11512;DH;T3;;DIR2;CASPOR;CASPOR;17:12:54;17:14:14;0.000;00:01:20;00:04:46;00:02:46
03-janv;T3;;11504;DH;T3;;DIR2;CASPOR;CASPOR;10:44:54;10:46:14;0.000;00:01:20;00:07:46;00:05:46
06-janv;T3;;11579;OUT;;;;CDMHAN;HANT_d;05:42:00;05:45:00;0.800;00:03:00;00:00:00;00:00:00
07-janv;T3;;11411;DH;T3;;DIR2;CASPOR;CASPOR;16:24:54;16:26:14;0.000;00:01:20;00:04:46;00:02:46
07-janv;T3;;11403;DH;T3;;DIR2;CASPOR;CASPOR;09:56:54;09:58:14;0.000;00:01:20;00:07:46;00:05:46
06-janv;T3;;11454;DH;T3;;DIR1;CIDJ_a;CIDJ_d;18:30:20;18:34:20;0.400;00:04:00;00:15:11;00:13:11
06-janv;T3;;11446;DH;T3;;DIR1;HANT_a;HANT_d;12:02:54;12:07:54;0.400;00:05:00;00:04:06;00:02:06
02-janv;T3;;11470;DH;T3;;DIR2;CASPOR;CASPOR;15:52:54;15:54:14;0.000;00:01:20;00:04:46;00:02:46
02-janv;T3;;11462;DH;T3;;DIR2;CASPOR;CASPOR;09:35:54;09:37:14;0.000;00:01:20;00:04:46;00:02:46
08-janv;T3;;11396;DH;T3;;DIR2;CASPOR;CASPOR;21:32:54;21:34:14;0.000;00:01:20;00:04:46;00:02:46
08-janv;T3;;11388;DH;T3;;DIR2;CASPOR;CASPOR;15:20:54;15:22:14;0.000;00:01:20;00:07:46;00:05:46
08-janv;T3;;11381;DH;T3;;DIR1;CIDJ_a;CIDJ_d;09:37:20;09:41:20;0.400;00:04:00;00:08:11;00:06:11
01-janv;T3;;11570;DH;T3;;DIR2;CASPOR;CASPOR;05:24:37;05:25:57;0.000;00:01:20;00:04:03;00:04:03
04-janv;T3;;11516;DH;T3;;DIR1;CIDJ_a;CIDJ_d;06:46:20;06:50:20;0.400;00:04:00;00:07:11;00:05:11
10-janv;T3;;11566;DH;T3;;DIR2;CASPOR;CASPOR;07:44:54;07:46:14;0.000;00:01:20;00:04:46;00:02:46
08-janv;T3;;11386;DH;T3;;DIR2;CASPOR;CASPOR;13:32:54;13:34:14;0.000;00:01:20;00:07:46;00:05:46
08-janv;T3;;11378;DH;T3;;DIR2;CASPOR;CASPOR;07:04:54;07:06:14;0.000;00:01:20;00:04:46;00:02:46
05-janv;T3;;11577;OUT;;;;CDMHAN;HANT_d;05:27:00;05:30:00;0.800;00:03:00;00:00:00;00:00:00
11-janv;T3;;11484;DH;T3;;DIR1;CIDJ_a;CIDJ_d;11:37:20;11:41:20;0.400;00:04:00;00:08:11;00:06:11
11-janv;T3;;11496;DH;T3;;DIR1;CIDJ_a;CIDJ_d;21:10:20;21:14:20;0.400;00:04:00;00:11:11;00:09:11
11-janv;T3;;11488;DH;T3;;DIR1;CIDJ_a;CIDJ_d;14:49:20;14:53:20;0.400;00:04:00;00:08:11;00:06:11
01-févr;T3;;11537;DH;T3;;DIR1;CIDJ_a;CIDJ_d;17:42:20;17:46:20;0.400;00:04:00;00:15:11;00:13:11
12-janv;T3;;11434;DH;T3;;DIR2;CASPOR;CASPOR;19:44:54;19:46:14;0.000;00:01:20;00:04:46;00:02:46
12-janv;T3;;11426;DH;T3;;DIR2;CASPOR;CASPOR;13:20:54;13:22:14;0.000;00:01:20;00:07:46;00:05:46
05-janv;T3;;11564;DH;T3;;DIR1;HANT_a;HANT_d;07:14:54;07:19:54;0.400;00:05:00;00:04:06;00:02:06
03-janv;T3;;11509;DH;T3;;DIR1;HANT_a;HANT_d;14:50:54;14:55:54;0.400;00:05:00;00:04:06;00:02:06
03-janv;T3;;11501;DH;T3;;DIR1;HANT_a;HANT_d;08:27:54;08:32:54;0.400;00:05:00;00:06:06;00:04:06
07-janv;T3;;11416;DH;T3;;DIR1;HANT_a;HANT_d;20:27:54;20:32:54;0.400;00:05:00;00:03:06;00:01:06
08-janv;T3;;11586;OUT;;;;CDMHAN;HANT_d;06:17:00;06:20:00;0.800;00:03:00;00:00:00;00:00:00
